name1,name2,message
a,c,t,o,r,:, ,M,e,l,i,s,s,a,-,M,e,d,w,i,d
t,a,r,g,e,t,:, ,J,o,n,e,i,r,y,s,-,G,o,n,z,a,l,e,z
a,c,t,o,r,:, ,m,a,t,t,o,z,a,w,a
t,a,r,g,e,t,:, ,S,c,o,t,t,-,K,o,e,h,l,e,r,-,3
a,c,t,o,r,:, ,l,i,a,m,r,y,a,n,1,0,2,9
t,a,r,g,e,t,:, ,S,a,m,s,o,n,W
a,c,t,o,r,:, ,e,r,i,k,m,j,o,h,s
t,a,r,g,e,t,:, ,A,n,d,r,e,w,-,K,e,e,f,e,-,7
a,c,t,o,r,:, ,D,a,n,i,e,l,-,K,a,l,l,i,n,i
t,a,r,g,e,t,:, ,A,n,t,h,o,n,y,E,l,i,a,s,5
a,c,t,o,r,:, ,j,a,d,a,l,a,c,k,e,y
t,a,r,g,e,t,:, ,M,r,o,b,b,i,2,0
a,c,t,o,r,:, ,M,e,r,v,i,n,-,L,u,m,b,a
t,a,r,g,e,t,:, ,B,o,b,b,y,-,R,e,r,a
a,c,t,o,r,:, ,A,r,e,t,h,a,-,P,e,r,e,i,r,a
t,a,r,g,e,t,:, ,E,s,h,a,-,S
a,c,t,o,r,:, ,a,l,l,i,e,_,h,a,r,p,e,r
t,a,r,g,e,t,:, ,r,i,l,e,y,a,b,e,l,l
a,c,t,o,r,:, ,b,e,n,t,a,m,s,k,y
t,a,r,g,e,t,:, ,S,p,e,n,s,e,r,-,T,h,o,m,a,s
a,c,t,o,r,:, ,P,a,m,-,W,a,l,k,e,r,-,1,5
t,a,r,g,e,t,:, ,M,a,r,y,R,o,s,a,-,W,a,l,k,e,r
a,c,t,o,r,:, ,A,m,y,-,C,h,a,n,i
t,a,r,g,e,t,:, ,J,o,r,d,a,n,-,H,o,r,e,n,g,i,c
a,c,t,o,r,:, ,E,d,n,a,-,B,r,o,w,n,-,8
t,a,r,g,e,t,:, ,K,a,t,l,y,n,-,G,r,a,h,a,m
a,c,t,o,r,:, ,m,i,k,e,o,s,h,e,a,2,4
t,a,r,g,e,t,:, ,c,h,a,d,-,v,o,r,w,a,l,l,e,r
a,c,t,o,r,:, ,M,o,l,l,y,-,M,o,n,t,a,l,v,o
t,a,r,g,e,t,:, ,g,v,a,c,c,a,r,i
a,c,t,o,r,:, ,V,a,l,e,r,i,e,-,S,o,t,e,l,o,-,2
t,a,r,g,e,t,:, ,T,r,a,c,y,-,S,o,t,e,l,o
a,c,t,o,r,:, ,j,e,a,n,-,b,a,r,r,i,g,a
t,a,r,g,e,t,:, ,A,n,d,r,e,a,-,B,e,c,k,e,r,-,3
a,c,t,o,r,:, ,R,e,b,e,k,a,h,-,M,a,l,d,o,n,a,d,o
t,a,r,g,e,t,:, ,C,r,i,s,t,a,l,-,C,o,r,t,e,z
a,c,t,o,r,:, ,D,a,n,i,e,l,-,M,e,r,r,i,c,k,-,2
t,a,r,g,e,t,:, ,S,h,a,n,e,-,P,l,a,n,u,t,i,s
a,c,t,o,r,:, ,C,o,r,a,-,D,a,v,i,s,-,1
t,a,r,g,e,t,:, ,s,n,o,r,k,l,i,n,s,a,r,a
a,c,t,o,r,:, ,B,u,b,b,y,-,H,o,r,n,e,r
t,a,r,g,e,t,:, ,T,o,m,-,J,o,n,e,s,-,3
a,c,t,o,r,:, ,A,a,r,o,n,-,S,p,l,a,d,y
t,a,r,g,e,t,:, ,E,t,h,a,n,-,D,i,s,s,i,n,g,e,r
a,c,t,o,r,:, ,k,y,l,e,e,m,c,k,a,y
t,a,r,g,e,t,:, ,s,h,a,u,n,a,o
a,c,t,o,r,:, ,A,s,h,l,e,y,-,E,d,g,e
t,a,r,g,e,t,:, ,B,r,i,t,t,a,n,y,-,W,r,i,g,h,t,-,8,2
a,c,t,o,r,:, ,M,a,t,t,h,e,w,-,G,r,e,e,n,-,1
t,a,r,g,e,t,:, ,j,e,s,s,i,c,a,-,O,h,e,a,r,n,8,4
a,c,t,o,r,:, ,F,r,a,n,g,e,l,i,c,a,-,B,a,d,i,o,l,a
t,a,r,g,e,t,:, ,N,i,k,k,i,-,M,e,r,c,a,d,o
a,c,t,o,r,:, ,D,a,n,a,-,Z,e,n,g
t,a,r,g,e,t,:, ,C,a,r,o,l,e,-,M,u,0,1,1,7
a,c,t,o,r,:, ,P,a,r,k,e,r,-,D,a,w,s,o,n,-,1
t,a,r,g,e,t,:, ,b,r,a,d,l,e,y,p,a,l,m,e,r
a,c,t,o,r,:, ,L,i,n,d,s,e,y,-,A,b,e,l,l,-,1
t,a,r,g,e,t,:, ,T,i,o,n,n,a,-,J,o,r,d,a,n
a,c,t,o,r,:, ,R,i,c,h,a,r,d,-,B,e,n,n,e,t,t,-,1,5
t,a,r,g,e,t,:, ,S,h,e,r,w,i,n,-,J,a,m,e,s,-,1
a,c,t,o,r,:, ,L,y,n,d,s,a,y,-,O,g,d,e,n
t,a,r,g,e,t,:, ,m,i,l,l,e,r,m,t
a,c,t,o,r,:, ,r,e,b,a,b,a,i,l,e,y
t,a,r,g,e,t,:, ,k,a,t,i,e,b,e,n,n,e,t,t,1,6
a,c,t,o,r,:, ,B,a,r,b,a,r,a,-,G,r,e,y,s,o,n
t,a,r,g,e,t,:, ,A,l,y,s,e,-,R,o,s,e,n,b,l,a,t,t
a,c,t,o,r,:, ,C,a,r,l,o,t,a,-,S,a,l,v,a,d,o,r,e,s
t,a,r,g,e,t,:, ,R,e,g,i,n,a,-,S,i,s,k,a
a,c,t,o,r,:, ,G,o,r,a,n,D,a,s,k,a,l,o,v
t,a,r,g,e,t,:, ,C,h,a,r,r,y,m,s,j,a,c,k,s,o,n
a,c,t,o,r,:, ,K,a,t,e,S,J,o,r,d,a,n
t,a,r,g,e,t,:, ,a,l,p,h,a,m,a,y
a,c,t,o,r,:, ,K,o,r,i,n,n,a,-,H,u,d,s,o,n
t,a,r,g,e,t,:, ,A,n,d,r,e,w,-,D,u,c,a
a,c,t,o,r,:, ,L,a,n,d,r,y,L,e,v,i,n,s,o,n
t,a,r,g,e,t,:, ,a,l,e,c,1,9,9,8
a,c,t,o,r,:, ,s,e,a,t,o,n,s,a,n,d,b,u,l,t,e
t,a,r,g,e,t,:, ,b,a,i,l,i,e,s,a,n,d,b,u,l,t,e
a,c,t,o,r,:, ,B,e,n,-,S,c,h,w,a,r,t,z,-,8
t,a,r,g,e,t,:, ,B,r,i,t,t,-,L,o,g,o,t,h,e,t,i,s
a,c,t,o,r,:, ,P,a,t,r,i,c,k,S,c,u,l,l,y
t,a,r,g,e,t,:, ,A,m,a,n,d,a,-,S,o,w,a,-,1
a,c,t,o,r,:, ,J,o,h,n,-,O,B,r,i,e,n,-,1,7,2
t,a,r,g,e,t,:, ,w,h,i,t,n,e,y,r,k,l,i,n,g
a,c,t,o,r,:, ,g,r,a,c,e,-,r,o,s,e,n,b,l,a,t,t
t,a,r,g,e,t,:, ,B,r,i,g,e,t,t,e,-,P,h,e,l,o,u,n,g
a,c,t,o,r,:, ,R,a,u,l,-,R,a,m,i,r,e,z,-,6,1
t,a,r,g,e,t,:, ,L,a,u,r,e,n,g,u,z,m,a,n,2,1
a,c,t,o,r,:, ,C,a,g,e,-,K,a,i,n
t,a,r,g,e,t,:, ,N,a,s,h,1,2,2
a,c,t,o,r,:, ,I,l,s,a,T,h,e,J,o,e
t,a,r,g,e,t,:, ,s,a,m,y,r,u,b,y
a,c,t,o,r,:, ,L,i,z,z,i,e,-,K,a,l,o,u,s
t,a,r,g,e,t,:, ,s,a,v,a,n,n,a,h,m,i,m,s
a,c,t,o,r,:, ,H,a,r,r,y,_,c,h,a,r,9
t,a,r,g,e,t,:, ,C,a,r,n,o,l,d,1,2,3
a,c,t,o,r,:, ,m,i,r,a,k,u,-,m,e,m,o
t,a,r,g,e,t,:, ,M,i,c,h,e,l,l,e,-,C,h,e,n,-,5,8
a,c,t,o,r,:, ,A,b,i,g,a,i,l,-,C,e,r,e,m,u,g,a
t,a,r,g,e,t,:, ,E,p,l,e,y,-,H,a,m,i,l,t,o,n
name1,name2,message
a,c,t,o,r,:, ,M,i,c,h,a,e,l,-,T,a,y,l,o,r,-,3,2
t,a,r,g,e,t,:, ,C,l,o,t,i,l,d,e,-,C,e,r,e,z,o
a,c,t,o,r,:, ,K,y,l,i,e,-,H,u,d,g,e,n,s
t,a,r,g,e,t,:, ,C,o,d,y,G,o,m,e,s
a,c,t,o,r,:, ,U,t,k,a,r,s,h,S,a,m,b,y,a,l
t,a,r,g,e,t,:, ,A,n,k,i,t,-,V,e,r,m,a,-,3
a,c,t,o,r,:, ,A,l,e,x,a,-,R,u,c,k,s
t,a,r,g,e,t,:, ,G,e,o,r,g,e,-,W,i,l,l,-,S,r
a,c,t,o,r,:, ,S,a,r,a,h,-,B,e,v,a,r,d
t,a,r,g,e,t,:, ,K,a,t,e,-,S,t,u,t,z
a,c,t,o,r,:, ,M,a,d,i,s,o,n,B,e,n,d,e,r
t,a,r,g,e,t,:, ,A,d,r,i,a,n,-,A,r,n,o,l,d
a,c,t,o,r,:, ,T,r,a,c,e,y,-,W,i,l,l,e,y,-,1
t,a,r,g,e,t,:, ,C,a,l,e,i,g,h,-,A,n,d,r,e,w,s
a,c,t,o,r,:, ,t,i,m,-,a,v,i,l,a,-,1
t,a,r,g,e,t,:, ,P,r,a,b,h,a,t,_,P,a,r,m,a,r
a,c,t,o,r,:, ,M,a,d,i,s,o,n,M,a,s,l,o,f,f
t,a,r,g,e,t,:, ,r,e,l,a,y,u,v,a
a,c,t,o,r,:, ,B,e,n,-,R,a,m,o,n
t,a,r,g,e,t,:, ,D,y,l,a,n,c,a,s,t,r,o,0
a,c,t,o,r,:, ,s,u,g,a,r,2,4,h,i,l,l
t,a,r,g,e,t,:, ,C,o,l,l,i,n,-,P,a,r,r,i,l,l,3,3
a,c,t,o,r,:, ,E,m,i,l,y,-,C,r,o,w,e,-,2
t,a,r,g,e,t,:, ,E,m,i,l,y,-,C,r,o,w,e,-,1,8
a,c,t,o,r,:, ,d,e,v,o,n,m,c,k,n,i,g,h,t
t,a,r,g,e,t,:, ,O,l,i,v,i,a,-,V,a,n,N,o,r,m,a,n
a,c,t,o,r,:, ,d,u,s,t,i,n,-,m,i,r,e,l,e,s
t,a,r,g,e,t,:, ,c,a,d,i,l,l,a,c,r,u,n,z
a,c,t,o,r,:, ,M,a,d,i,s,y,n,-,S,a,u,s,e,d,a
t,a,r,g,e,t,:, ,A,b,i,g,a,i,l,-,S,a,u,s,e,d,a
a,c,t,o,r,:, ,j,e,s,s,i,c,a,l,i,t
t,a,r,g,e,t,:, ,Y,e,s,e,n,i,a,-,L,o,p,e,z,-,1,0
a,c,t,o,r,:, ,J,a,c,o,b,-,F,o,x,-,2,3
t,a,r,g,e,t,:, ,d,e,l,t,a,c,h,i,u,r,i
a,c,t,o,r,:, ,T,r,e,v,o,r,-,T,r,o,x,l,e,r
t,a,r,g,e,t,:, ,J,o,s,e,J,-,M,e,r,c,a,d,o
a,c,t,o,r,:, ,m,a,d,s,b,e,n,e,f,i,e,l,d
t,a,r,g,e,t,:, ,G,r,a,c,e,-,M,o,h,r
a,c,t,o,r,:, ,J,o,h,n,n,y,-,N,e,i,l
t,a,r,g,e,t,:, ,P,h,i,l,-,T,u,t,t,l,e
a,c,t,o,r,:, ,L,e,i,l,a,-,C,a,r,m,o,n
t,a,r,g,e,t,:, ,J,h,c,a,r,m,o,n
a,c,t,o,r,:, ,r,o,s,e,l,l,e,a,n,n,e
t,a,r,g,e,t,:, ,J,a,c,k,i,e,-,S,t,e,p,h,e,n,s
a,c,t,o,r,:, ,J,a,k,e,s,c,h,u,l,m,a,n
t,a,r,g,e,t,:, ,S,p,e,n,c,e,r,-,P,e,r,k,i,n,s,-,3
a,c,t,o,r,:, ,D,a,n,i,e,l,l,e,-,B,e,r,n,a,r,d,i,n
t,a,r,g,e,t,:, ,b,r,a,d,a,r,n,d,t
a,c,t,o,r,:, ,N,i,n,a,-,F,r,i,d,m,a,n
t,a,r,g,e,t,:, ,S,t,e,p,h,e,n,-,L,o,w,e,-,1,0
a,c,t,o,r,:, ,T,i,a,n,a,R,o,d,r,i,g,u,e,z,1,3
t,a,r,g,e,t,:, ,L,i,l,y,-,D,i,S,i,l,v,e,s,t,r,o
a,c,t,o,r,:, ,C,a,s,s,a,n,d,r,e,-,P,a,r,e,d,e,s
t,a,r,g,e,t,:, ,J,a,c,q,u,e,l,i,n,e,-,S,i,l,v,a
a,c,t,o,r,:, ,C,a,r,o,l,-,B,u,r,n,e,t,t,-,3
t,a,r,g,e,t,:, ,E,m,y,-,S,a,n,c,h,e,z,-,1
a,c,t,o,r,:, ,j,i,a,y,a,n,g,-,x,i,a,o
t,a,r,g,e,t,:, ,c,h,u,b,b,y,b,o,b,o
a,c,t,o,r,:, ,J,e,n,n,i,f,e,r,-,S,p,r,i,n,k,l,e,-,2
t,a,r,g,e,t,:, ,s,u,g,a,r,-,s,h,a,n,e,-,3,8
a,c,t,o,r,:, ,J,r,o,m,a,n,2,9
t,a,r,g,e,t,:, ,M,a,r,i,s,s,a,-,S,c,h,i,l,l,i,n,g
a,c,t,o,r,:, ,M,e,g,h,a,n,-,W,a,l,s,h,-,3,4
t,a,r,g,e,t,:, ,S,a,r,a,b,e,l,l,e,u,m
a,c,t,o,r,:, ,G,r,a,c,e,-,P,i,n,t,a,r
t,a,r,g,e,t,:, ,d,r,e,w,j,e,n,s,o,n
a,c,t,o,r,:, ,E,r,i,c,a,-,P,a,g,a,n,o
t,a,r,g,e,t,:, ,L,a,u,r,e,n,-,P,a,g,a,n,o,-,3
a,c,t,o,r,:, ,J,o,h,n,-,H,o,u,s,e,r,-,1,1
t,a,r,g,e,t,:, ,t,h,e,m,o,n,i,c,a,r,e,y,e,s
a,c,t,o,r,:, ,M,e,l,i,n,d,a,C,o,u,r,t,n,e,y,Z,L,a
t,a,r,g,e,t,:, ,C,a,r,o,l,i,n,e,-,B,a,r,n,e,t,t,e
a,c,t,o,r,:, ,A,l,e,x,i,e,-,K,i,n,d,r,i,c,k
t,a,r,g,e,t,:, ,t,i,f,s,c,a,t,k,u
a,c,t,o,r,:, ,C,h,e,r,y,l,-,F,r,y,e,r
t,a,r,g,e,t,:, ,A,l,y,s,s,a,-,B,r,a,s,i,n,g,t,o,n
a,c,t,o,r,:, ,T,a,r,a,-,D,a,w,s,o,n
t,a,r,g,e,t,:, ,M,a,r,y,-,W,h,e,l,a,n,-,2
a,c,t,o,r,:, ,K,a,t,i,e,-,N,e,l,s,o,n,-,5
t,a,r,g,e,t,:, ,A,l,e,c,-,B,o,t,t,s
a,c,t,o,r,:, ,M,o,l,l,y,-,H,u,n,t,e,r,-,1,0
t,a,r,g,e,t,:, ,C,l,a,i,r,e,-,M,o,r,a,n,-,7
a,c,t,o,r,:, ,B,r,y,a,n,n,a,-,A,l,v,a,r,e,z,-,1
t,a,r,g,e,t,:, ,d,e,v,a,n,z,z
a,c,t,o,r,:, ,S,e,a,l,y,-,C,h,i,p,l,e,y
t,a,r,g,e,t,:, ,C,a,r,a,-,I,s,h,e,r,-,W,i,t,t
a,c,t,o,r,:, ,g,a,r,y,h,s,u,2,9
t,a,r,g,e,t,:, ,E,a,s,o,n,-,y,i,s,h,a,n,-,L,i,n
a,c,t,o,r,:, ,S,a,l,m,a,-,E,l,a,z,a,b
t,a,r,g,e,t,:, ,C,g,r,i,f,f,i,t,h,7
a,c,t,o,r,:, ,P,r,i,s,c,i,l,l,a,-,C,h,a,p,m,a,n,-,1
t,a,r,g,e,t,:, ,C,a,m,e,r,o,n,-,D,a,v,i,s,-,9,2
a,c,t,o,r,:, ,a,m,a,n,d,a,-,f,i,s,c,h,b,a,c,k
t,a,r,g,e,t,:, ,E,m,i,l,y,-,V,e,l,t,e,n
a,c,t,o,r,:, ,B,e,a,t,r,i,z,-,W,o,l,f,e
t,a,r,g,e,t,:, ,A,n,a,b,e,l,-,C,h,o,n,g
a,c,t,o,r,:, ,B,e,n,-,B,o,w,e,n,-,1
t,a,r,g,e,t,:, ,J,a,c,e,-,B,e,a,l,s
a,c,t,o,r,:, ,A,b,l,a,-,B,e,l,h,a,c,h,m,i
t,a,r,g,e,t,:, ,R,L,-,W,e,n,t,z
